{
  "experiment_id": "05",
  "experiment_name": "Transaction Cost Sensitivity",
  "timestamp": "2026-02-08T05:57:58.876772",
  "signal_config": {
    "method": "ema",
    "span": 126
  },
  "cost_scenarios": {
    "zero": 0.0,
    "low": 5.0,
    "medium": 11.999999999999998,
    "high": 25.0
  },
  "failure_criteria": {
    "min_sharpe_medium": 0.5,
    "min_sharpe_high": 0.3,
    "min_breakeven_bps": 15,
    "max_dd_deterioration": 0.05,
    "max_annual_cost_pct": 0.02
  },
  "period_results": {
    "train": {
      "zero": {
        "period": "train",
        "cost_bps": 0.0,
        "sharpe": 0.3329431510500053,
        "annual_return": 0.04170002647530269,
        "annual_vol": 0.12524668654030877,
        "max_drawdown": -0.29807792136908734,
        "sortino": 0.5202864715860043,
        "calmar": 0.1398963944856174,
        "annual_turnover": 6.637591944994942,
        "annual_cost_drag": 0.0,
        "total_return": 0.520558858489145
      },
      "low": {
        "period": "train",
        "cost_bps": 5.0,
        "sharpe": 0.3060681726670307,
        "annual_return": 0.0383342745294748,
        "annual_vol": 0.12524750350693398,
        "max_drawdown": -0.30348552019229036,
        "sortino": 0.47774067158597144,
        "calmar": 0.1263133559228327,
        "annual_turnover": 6.637591944994942,
        "annual_cost_drag": 0.0033187959724974713,
        "total_return": 0.4709091756357848
      },
      "medium": {
        "period": "train",
        "cost_bps": 11.999999999999998,
        "sharpe": 0.26851358635601086,
        "annual_return": 0.03363733800097024,
        "annual_vol": 0.12527238735835106,
        "max_drawdown": -0.31450201994999194,
        "sortino": 0.4187700513738735,
        "calmar": 0.10695428285744815,
        "annual_turnover": 6.637591944994942,
        "annual_cost_drag": 0.00796511033399393,
        "total_return": 0.4040674445279637
      },
      "high": {
        "period": "train",
        "cost_bps": 25.0,
        "sharpe": 0.1990643233418189,
        "annual_return": 0.024961076188485976,
        "annual_vol": 0.1253920128401141,
        "max_drawdown": -0.3447899795671107,
        "sortino": 0.309865800679217,
        "calmar": 0.0723950162931794,
        "annual_turnover": 6.637591944994942,
        "annual_cost_drag": 0.016593979862487358,
        "total_return": 0.2877618419554513
      },
      "dynamic": {
        "period": "train",
        "cost_bps": "dynamic (5bps base)",
        "sharpe": 0.3021353205086841,
        "annual_return": 0.03784633277205618,
        "annual_vol": 0.12526285476433857,
        "max_drawdown": -0.30435236364441187,
        "sortino": 0.47146994450746604,
        "calmar": 0.12435038229659914,
        "annual_turnover": 6.637591944994942,
        "annual_cost_drag": 0.0038006382089610484,
        "total_return": 0.4638340828002474
      }
    },
    "validation": {
      "zero": {
        "period": "validation",
        "cost_bps": 0.0,
        "sharpe": 1.1010329708795759,
        "annual_return": 0.11874632862418744,
        "annual_vol": 0.10784992980666623,
        "max_drawdown": -0.13842996709995975,
        "sortino": 1.8680461573755942,
        "calmar": 0.8578079668143038,
        "annual_turnover": 5.231713156151934,
        "annual_cost_drag": 0.0,
        "total_return": 0.5910900996877624
      },
      "low": {
        "period": "validation",
        "cost_bps": 5.0,
        "sharpe": 1.0751326133872678,
        "annual_return": 0.11592105581194168,
        "annual_vol": 0.10782023944630016,
        "max_drawdown": -0.13895836955154575,
        "sortino": 1.8231419221676002,
        "calmar": 0.8342142771683967,
        "annual_turnover": 5.231713156151934,
        "annual_cost_drag": 0.002615856578075967,
        "total_return": 0.5745253191052466
      },
      "medium": {
        "period": "validation",
        "cost_bps": 11.999999999999998,
        "sharpe": 1.038791759940117,
        "annual_return": 0.11197575026849238,
        "annual_vol": 0.10779422266012911,
        "max_drawdown": -0.1396980929904346,
        "sortino": 1.7598636062160355,
        "calmar": 0.8015553245680997,
        "annual_turnover": 5.231713156151934,
        "annual_cost_drag": 0.00627805578738232,
        "total_return": 0.5516129393818585
      },
      "high": {
        "period": "validation",
        "cost_bps": 25.0,
        "sharpe": 0.9711095759271384,
        "annual_return": 0.10467985270610569,
        "annual_vol": 0.10779406907419863,
        "max_drawdown": -0.1410717413023363,
        "sortino": 1.6384353392712472,
        "calmar": 0.7420327539713447,
        "annual_turnover": 5.231713156151934,
        "annual_cost_drag": 0.013079282890379835,
        "total_return": 0.5099090689977817
      },
      "dynamic": {
        "period": "validation",
        "cost_bps": "dynamic (5bps base)",
        "sharpe": 1.0727040043794427,
        "annual_return": 0.11565627243009247,
        "annual_vol": 0.1078175078660207,
        "max_drawdown": -0.13907177528493975,
        "sortino": 1.8190031281701138,
        "calmar": 0.831630085925976,
        "annual_turnover": 5.231713156151934,
        "annual_cost_drag": 0.0028613080909318744,
        "total_return": 0.5729796058284162
      }
    },
    "test": {
      "zero": {
        "period": "test",
        "cost_bps": 0.0,
        "sharpe": -0.002754231537387256,
        "annual_return": -0.0003206536400640614,
        "annual_vol": 0.1164221800931968,
        "max_drawdown": -0.18562234543019002,
        "sortino": -0.004538143417880691,
        "calmar": -0.0017274517209710334,
        "annual_turnover": 5.935430766831514,
        "annual_cost_drag": 0.0,
        "total_return": -0.0016594157076669225
      },
      "low": {
        "period": "test",
        "cost_bps": 5.0,
        "sharpe": -0.027346388260633327,
        "annual_return": -0.0031817227417449967,
        "annual_vol": 0.11634892006288328,
        "max_drawdown": -0.18728182730552684,
        "sortino": -0.04501216527007639,
        "calmar": -0.01698895609638844,
        "annual_turnover": 5.935430766831514,
        "annual_cost_drag": 0.002967715383415757,
        "total_return": -0.016367617237727283
      },
      "medium": {
        "period": "test",
        "cost_bps": 11.999999999999998,
        "sharpe": -0.0617188747096009,
        "annual_return": -0.0071758380947147815,
        "annual_vol": 0.11626650888368383,
        "max_drawdown": -0.18960085303282265,
        "sortino": -0.10133009834505576,
        "calmar": -0.03784707705651799,
        "annual_turnover": 5.935430766831514,
        "annual_cost_drag": 0.007122516920197816,
        "total_return": -0.03660768387578017
      },
      "high": {
        "period": "test",
        "cost_bps": 25.0,
        "sharpe": -0.12531302905285985,
        "annual_return": -0.014558364284106506,
        "annual_vol": 0.11617598261043918,
        "max_drawdown": -0.20046023480385808,
        "sortino": -0.2056364348360867,
        "calmar": -0.07262469934923131,
        "annual_turnover": 5.935430766831514,
        "annual_cost_drag": 0.014838576917078785,
        "total_return": -0.07313346887855543
      },
      "dynamic": {
        "period": "test",
        "cost_bps": "dynamic (5bps base)",
        "sharpe": -0.030770969734042874,
        "annual_return": -0.003580040286642272,
        "annual_vol": 0.11634473393542626,
        "max_drawdown": -0.1876011852471941,
        "sortino": -0.05064392619090809,
        "calmar": -0.019083249830884625,
        "annual_turnover": 5.935430766831514,
        "annual_cost_drag": 0.0033814484905312766,
        "total_return": -0.01840134895568446
      }
    },
    "full": {
      "zero": {
        "period": "full",
        "cost_bps": 0.0,
        "sharpe": 0.3681399309058498,
        "annual_return": 0.04416525784413783,
        "annual_vol": 0.11996866988990908,
        "max_drawdown": -0.29807792136908734,
        "sortino": 0.5874256339294399,