Strategy,Total Return,Ann. Return,Volatility,Sharpe Ratio,Sortino Ratio,Max Drawdown,Calmar Ratio,Win Rate,Avg Positions,Description
Final Strategy (EMA 126d),5.9255783476796795,0.09757526583633669,0.11916810830590033,0.8188035139893672,1.0303092370152411,-0.23889827800480215,0.40843854820240816,0.5358915616647575,3.1172203130966016,Optimized EMA 6-month trend following
Initial Strategy (EMA 252d),5.142287089214055,0.09125572357501666,0.1249690352713245,0.7302266787679705,0.9400849416727551,-0.2319030461840809,0.3935080848510258,0.5528827796869034,3.2086674303169147,Initial EMA 12-month baseline
Relative Momentum (top 3),4.677616105813845,0.08713355702754111,0.11963113912174435,0.7283518126402557,0.9439772655476268,-0.2629503217544049,0.3313688929763839,0.5240549828178694,2.8556701030927836,Cross-sectional momentum ranking
SMA 252d,4.826643313391773,0.08848952627604856,0.1249930269701697,0.7079557029782716,0.9017925649281762,-0.23190304618407995,0.3815798357638104,0.5244368079419626,3.006872852233677,Industry-standard SMA trend filter
Buy & Hold (Benchmark),2.764333527418018,0.06585060121211117,0.11586131794662474,0.5683570874141737,0.7246474283037889,-0.3620043307796881,0.18190556193148733,0.5471554028255059,5.0,Passive equal-weight benchmark
